t,close,alpha,P60
1524787200,662.14,12.532206800823786,-2.114803625377082
1524787260,662.0,0.0,-13.765145441617666
1524787320,661.09,-4.782560457917695,-1.3615733736771496
1524787380,661.0,-15.389108433943033,-0.15128821918564128
1524787440,660.99,-2.1694525963811273,0.15128593040869553
1524787500,661.0,13.958760660692793,-12.117540139351402
1524787560,660.2,-11.664598590114261,1.0601723537329022
1524787620,660.27,-2.2665678011379864,-35.41356354682668
1524787680,657.94,-24.84073751404803,6.22769043821636
1524787740,658.35,-9.53463203463123,-0.9114523993991597
1524787800,658.29,9.543731631564967,0.9113693324225292
1524787860,658.35,11.082251082250583,-4.254866503563548
1524787920,658.07,-16.042826996921498,-3.648358998524781
1524787980,657.83,-3.681486454295557,-2.1286624397509613
1524788040,657.69,0.0,-0.0
1524788100,657.69,-2.155545927209346,-0.15204962900083885
1524788160,657.68,-2.2426844607970065,6.989394353785761
1524788220,658.14,2.232350882211964,6.07404257903843
1524788280,658.54,5.7421451787642575,22.423562922335716
1524788340,660.02,21.320368585753258,14.826021180031068
1524788400,661.0,14.943290052176206,-1.9671039690094538
1524788460,660.87,-6.2791164355324725,-1.664749682184219
1524788520,660.76,7.9563856202113925,-21.84068434144093
1524788580,659.32,-7.950060245708324,-21.583827329383354
1524788640,657.9,-9.716074705818922,7.594167679222386
1524788700,658.4,-2.1504214393774923,16.6793025018952
1524788760,659.5,-0.01080846216194864,-0.15163232194526088
1524788820,659.49,2.1508862948538265,-7.435508345978725
1524788880,659.0,-0.1620922434530936,-0.0
1524788940,659.0,-8.731510378394702,0.1517427656638759
1524789000,659.01,-1.1032083895756717,7.278351453395837
1524789060,659.49,5.668088015455819,16.047233366133227
1524789120,660.55,2.1729776713041993,6.807866868382417
1524789180,661.0,-2.1508886196375254,-14.999772730717176
1524789240,660.01,-5.686486486486952,3.6349867474438913
1524789300,660.25,-0.010816961861781493,-3.7878787878797837
1524789360,660.0,-6.025054274164665,-29.32818697098938
1524789420,658.07,-1.2447018993066994,-17.81093012635182
1524789480,656.9,-14.21301773867012,1.5220700152207556
1524789540,657.0,0.0,-42.95388189975213
1524789600,654.19,-15.046266184491897,-6.730401529637664
1524789660,653.75,-12.452502442731328,16.3403683454999
1524789720,654.82,0.5000255447829005,-0.0
1524789780,654.82,0.010869577031780153,4.121571081835418
1524789840,655.09,18.456521739129705,38.320585149251855
1524789900,657.61,15.731834071464057,4.559894210454107
1524789960,657.91,3.574724746195912,4.405955636586079
1524790020,658.2,7.493410779682019,-0.15193181300166003
1524790080,658.19,0.0,-4.255901263092721
1524790140,657.91,-0.010820520034426906,6.379779138123709
1524790200,658.33,-0.08656425394049094,0.15189719597796802
1524790260,658.34,1.8503269451963789,-12.623382153884588
1524790320,657.51,0.7356664055779838,12.607467266154693
1524790380,658.34,8.643444396365663,-0.0
1524790440,658.34,0.0,-13.841777831862245
1524790500,657.43,-11.230016461323267,-10.354015987819043
1524790560,656.75,-3.246191135733989,-0.0
1524790620,656.75,-19.7107786894124,-0.15226725949446518
1524790680,656.74,7.450877891284069,-0.0
1524790740,656.74,1.6798052726363366,-0.0
1524790800,656.74,5.363638432258622,18.845557615733142
1524790860,657.98,13.006619188715707,15.477996965098662
1524790920,659.0,18.63554901322395,8.339019028124062
1524790980,659.55,-0.010795638561988952,6.818181818182278
1524791040,660.0,0.5181912103968678,-0.0
1524791100,660.0,7.038399217571545,-0.0
1524791160,660.0,0.0,0.4545247943266162
1524791220,660.03,0.010787498152531327,-48.71884658130598
1524791280,656.83,-19.762675296655097,13.531593991363833
1524791340,657.72,-1.8050775642908246,4.255319148935843
1524791400,658.0,0.0,-13.696545426875595
1524791460,657.1,-5.416210360853491,36.24012494503282
1524791520,659.49,3.407247160627236,2.2739676187011337
1524791580,659.64,2.097716840665509,-2.72950595942012
1524791640,659.46,2.054034068856847,8.18181818181718
1524791700,660.0,18.374425393887783,11.501906895090563
1524791760,660.76,1.0896548599137468,3.6308623298031417
1524791820,661.0,10.787486515642097,-0.0
1524791880,661.0,7.510775862067387,-0.0
1524791940,661.0,3.2734034889747576,-9.994851137291594
1524792000,660.34,-4.854677228549598,19.346452646533674
1524792060,661.62,1.6154218943520426,-14.227765332688325
1524792120,660.68,0.613761171530669,9.6776144680355
1524792180,661.32,0.0,-4.992511233150587
1524792240,660.99,-19.83295953624009,-6.661115736885659
1524792300,660.55,7.875587297649922,-0.0
1524792360,660.55,1.6708978111235062,-11.670556852283465
1524792420,659.78,-0.010778184953430525,11.505737729735621
1524792480,660.54,5.755556968696229,-11.518991178878224
1524792540,659.78,-24.010780614283078,-0.0
1524792600,659.78,-6.251997615819294,-0.0
1524792660,659.78,0.0,-0.15156797065651872
1524792720,659.77,-0.010804678426401537,0.15156567340635085
1524792780,659.78,-3.5115242824601545,-0.0
1524792840,659.78,-1.0700400670560217,3.3333333333340764
1524792900,660.0,0.5296724678416354,-2.879616859399192
1524792960,659.81,0.010809069674877492,-0.9094353921934584
1524793020,659.75,-1.6105496405982578,-9.861932938854956
1524793080,659.1,-14.12971445436284,9.095043201455821
1524793140,659.7,10.403878340661254,13.472804614056422
1524793200,660.59,0.010814844455531158,5.295488244015933
1524793260,660.94,14.535135228670448,-3.935339347340694
1524793320,660.68,-4.319654427645814,-3.785412534258459
1524793380,660.43,-4.310717372515427,-0.45427013930954274
1524793440,660.4,3.2425386483581065,0.45424950411043774
1524793500,660.43,-3.4683917143263354,6.204224925853152
1524793560,660.84,3.469595105818346,-6.9656864229683535
1524793620,660.38,-2.6904346942902,-1.9689511548648397
1524793680,660.25,-0.5620090526692323,-3.636308540779787
1524793740,660.01,-0.010808473843715305,-0.0
1524793800,660.01,-4.301777239275051,-0.15151515151412553
1524793860,660.0,-8.661322814313976,-4.092583329544652
1524793920,659.73,-3.3116883116879325,-12.292842833729889
1524793980,658.92,-4.1788730900060855,16.36363636363658
1524794040,660.0,-1.9928344604402959,-11.224706489094682
1524794100,659.26,0.0,0.6067040800838974
1524794160,659.3,0.0,-0.0
1524794220,659.3,0.8232913454753188,10.757412766473351
1524794280,660.01,0.0,-0.15151515151412553
1524794340,660.0,14.038128249564963,0.1515128558660095
1524794400,660.01,0.0,-0.0
1524794460,660.01,0.04326681781297026,5.602834731518458
1524794520,660.38,4.38074634937724,5.448436601386275
1524794580,660.74,0.0,-3.0278257183513624
1524794640,660.54,0.010811921224984644,2.572989662636971
1524794700,660.71,-0.010811909534336195,-0.0
1524794760,660.71,1.0271325163135892,0.1513500423777625
1524794820,660.72,-0.010810810811001659,-0.30270924776809593
1524794880,660.7,12.432445872914144,-7.876639704325061
1524794940,660.18,-6.996714351578115,1.0602044680052547
1524795000,660.25,-4.321983444642852,0.15145548723172197
1524795060,660.26,-1.0917726821180196,0.6057852491281324
1524795120,660.3,0.0,9.38086303939989
1524795180,660.92,13.589189189189277,1.210287443268454
1524795240,661.0,3.692279788438668,15.105740181269312
1524795300,662.0,-0.010792154967464995,-0.0
1524795360,662.0,0.0,3.925950533023581
1524795420,662.26,4.327658812128821,3.6226415094342546
1524795480,662.5,-2.5458495640240386,-10.879748556922308
1524795540,661.78,3.7442150797994955,3.3232628398793818
1524795600,662.0,4.206620573610209,-3.7778617302608453
1524795660,661.75,2.3611859838279514,0.15111218568675255
1524795720,661.76,-0.010779126007331996,-14.982520392874399
1524795780,660.77,-2.3498520024411995,3.4795763993955564
1524795840,661.0,-10.716981132076198,7.256455221624769
1524795900,661.48,0.010793238252038151,4.080090668681091
1524795960,661.75,1.0361497538613484,-4.384240921597726
1524796020,661.46,7.8134864661572045,-6.959152798791113
1524796080,661.0,0.0,1.66386834263621
1524796140,661.11,-0.010783682563575425,-9.386970279641194
1524796200,660.49,-4.777176526917781,9.075920071397459
1524796260,661.09,0.010788848214815516,-8.93262679788176
1524796320,660.5,-0.010788836575237326,1.211056949953493
1524796380,660.58,0.0,-4.998106777736044
1524796440,660.25,0.1726215714392687,-0.3029247383490308
1524796500,660.23,-16.12904965913153,-8.033954827950662
1524796560,659.7,6.440430341774217,-0.606372980020975
1524796620,659.66,-5.118790496759784,5.908643284598947
1524796680,660.05,5.121412040287598,-8.339651250945934
1524796740,659.5,-5.226781857451401,10.451536678836026
1524796800,660.19,-0.010804783493467696,-5.910882085482516
1524796860,659.8,0.0108047951674628,-1.9706823108522897
1524796920,659.67,0.0,1.8187605147090835
1524796980,659.79,0.34575307179984804,-4.397270659590724
1524797040,659.5,0.5618293162545918,1.0612975120161128
1524797100,659.57,0.0,5.606570294268698
1524797160,659.94,0.0,0.7575872361698099
1524797220,659.99,-0.010803802938941232,-2.728058077325901
1524797280,659.81,0.010803814611826112,-2.1222732578407566
1524797340,659.67,3.2195332757134487,-0.0
1524797400,659.67,0.0,1.6672224074698594
1524797460,659.78,0.0,0.15156337622612703
1524797520,659.79,6.501796094171564,0.15156107911473704
1524797580,659.8,-1.446303291958717,-0.3031313468127017
1524797640,659.78,0.9175639002290126,-0.0
1524797700,659.78,0.0,1.060847162234202
1524797760,659.85,0.19428982212854606,-5.913929578746924
1524797820,659.46,-6.1631851686361205,-0.0
1524797880,659.46,3.682911076599016,1.3645667500561398
1524797940,659.55,-5.236229526071057,-0.9097939316737857
1524798000,659.49,2.6464914005219775,3.0317270232993465
1524798060,659.69,-0.04319659092422157,-7.433252427184733
1524798120,659.2,0.043196777519405316,-9.718172983481654
1524798180,658.56,-0.6263505684134252,-7.446016381233989
1524798240,658.07,-13.920973366553513,-11.866908061892723
1524798300,657.29,-0.5515588567372998,-0.15214216163572658
1524798360,657.28,-0.010815476081393882,-0.0
1524798420,657.28,-0.9085009733944549,-8.222432012667813
1524798480,656.74,-10.708305751333524,-18.152696209290387
1524798540,655.55,-0.2815297024671981,7.164415719033146
1524798600,656.02,-2.176502436384009,12.331958040894264
1524798660,656.83,0.7473202072150187,2.435349092071437
1524798720,656.99,1.4295492154814404,-3.6543585839354797
1524798780,656.75,-6.1938278289108695,-19.52797229468839
1524798840,655.47,-6.11098590572734,16.297559935417596
1524798900,656.54,0.010841706745701174,-6.706294772138577
1524798960,656.1,8.456522092665786,3.352023403218052
1524799020,656.32,0.0,-5.030564490313694
1524799080,655.99,-1.5707174929191492,-0.0
1524799140,655.99,-6.240520043336861,16.892406026479676
1524799200,657.1,5.312090752191967,-17.68454431807731
1524799260,655.94,-1.1268655584362186,0.30489664003874317
1524799320,655.96,-0.7260432808486872,0.91460626200357
1524799380,656.02,0.0,4.570941004389262
1524799440,656.32,0.0,-0.15236702168408556
1524799500,656.31,0.01083725370998323,-0.0
1524799560,656.31,0.0,0.15236470014778902
1524799620,656.32,0.0,1.2187690432652332
1524799680,656.4,0.11920966161760305,-0.0
1524799740,656.4,-0.010837112774941815,-11.133649549315283
1524799800,655.67,0.0,4.573379880178363
1524799860,655.97,0.010837124519991193,-6.406833956220659
1524799920,655.55,0.0,6.859756097561398
1524799980,656.0,-0.010837112774941815,-1.6771104910895396
1524800040,655.89,0.010837124519991193,-0.0
1524800100,655.89,0.0,-0.1524669146801827
1524800160,655.88,-0.010837112774941815,-7.323771742446805
1524800220,655.4,-0.02167424904220283,2.7456603313102956
1524800280,655.58,-4.345696351782946,-1.3730186577975978
1524800340,655.49,-1.5503859159915478,0.15255530129709705
1524800400,655.5,0.010843540720895106,-1.8309988098508256
1524800460,655.38,-0.01084352896141283,-5.037783375314575
1524800520,655.05,-2.2446129289699357,-19.118996635056895
1524800580,653.8,-17.27763852750752,-41.62250994486083
1524800640,651.09,-46.90311253270352,25.736476860148684
1524800700,652.77,17.749328396414743,-0.0
1524800760,652.77,0.0,3.5222052067385157
1524800820,653.0,15.059108635886442,5.815911108389971
1524800880,653.38,-5.799157653310072,0.15304794992232473
1524800940,653.39,-0.3048229522983892,12.839521269278897
1524801000,654.23,8.557076571682476,-0.15285378007323658
1524801060,654.22,0.05438778929001131,-7.95471929019298
1524801120,653.7,0.0,-5.816445233575163
1524801180,653.32,-3.7636145493080697,-0.30613806827117784
1524801240,653.3,-10.696607010139969,-32.09410174904947
1524801300,651.21,-10.882352941176121,-2.9184971275841853
1524801360,651.02,-1.7448181626855686,-30.506594354740013
1524801420,649.04,-9.925385099488482,-6.012487473985306
1524801480,648.65,-20.962277726159773,1.8496539605716844
1524801540,648.77,9.715419179856521,0.1541354542367035
1524801600,648.78,0.010930168248268757,-10.02885223643446
1524801660,648.13,-21.02962072357606,-24.902555218708766
1524801720,646.52,-10.383624542156245,3.0925284512628437
1524801780,646.72,9.550145390271325,-0.1546288135334528
1524801840,646.71,4.0092058376672846,35.285053929121624
1524801900,649.0,16.51218430575918,15.384615384614886
1524801960,650.0,26.25788037032173,15.36098310291889
1524802020,651.0,14.849946847657058,-9.532888465204614
1524802080,650.38,1.9922986227016715,8.449449249534613
1524802140,650.93,3.243643329848833,0.9216731439820602
1524802200,650.99,-4.5374519323893026,-0.4608578100029348
1524802260,650.96,-2.950138308145389,-0.0
1524802320,650.96,0.0,-14.769230769231534
1524802380,650.0,-4.15972471769388,-7.081934907782195
1524802440,649.54,-6.601681140978588,-0.7698347934526062
1524802500,649.49,-9.178692352470597,-0.15396932930844542
1524802560,649.48,5.466448445172745,23.34869431643627
1524802620,651.0,1.0796062381612792,-0.1536121906631216
1524802680,650.99,13.411841674844105,4.759711346536966
1524802740,651.3,7.2958522535482295,1.3816607562300298
1524802800,651.39,-0.010881392819017677,-6.1444876265381865
1524802860,650.99,0.010881404659546234,1.3823186090811124
1524802920,651.08,-0.010881392819017677,14.110429447852235
1524802980,652.0,0.03264421397641826,-0.1533765855299407
1524803040,651.99,9.325333350742593,0.15337423312833387
1524803100,652.0,0.010871231352904687,15.161028499670604
1524803160,652.99,12.132280999281875,-3.6767522022218557
1524803220,652.75,-5.157571967130403,3.6754008484052303
1524803280,652.99,1.0755012759355864,-0.0
1524803340,652.99,0.0,0.15313935681438018
1524803400,653.0,0.0,-13.80156417727374
1524803460,652.1,-1.0862480990658785,-1.5337423312877796
1524803520,652.0,-5.431830526887449,10.57163431338104
1524803580,652.69,-10.489130434782057,-11.197005951286698
1524803640,651.96,-0.35907228777998235,2.3002254220905183
1524803700,652.11,10.805199553429734,-0.15335071308131276
1524803760,652.1,-7.336996396719586,13.629611479502035
1524803820,652.99,0.8593308097282204,-0.0
1524803880,652.99,0.010876670519799347,0.15313935681438018
1524803940,653.0,-0.01087665869037302,8.109803681544125
1524804000,653.53,26.70222612815687,-0.0
1524804060,653.53,4.273995665255992,-0.0
1524804120,653.53,-5.378162923638241,7.186544342507872
1524804180,654.0,4.274468620626415,-0.0
1524804240,654.0,2.754444523969113,-17.308193055278753
1524804300,652.87,-14.765828274068138,4.133876351164467
1524804360,653.14,-0.01085731533123635,13.149847094801048
1524804420,654.0,2.5080425650636506,15.267175572518665
1524804480,655.0,13.535692111306119,-0.0
1524804540,655.0,-4.476891974655173,-0.0
1524804600,655.0,0.01084478723711868,-0.0
1524804660,655.0,-1.1170118739456392,-26.789131266742316
1524804720,653.25,-2.613882863340411,22.604737830861367
1524804780,654.73,1.0306381602998016,-3.361293181158853
1524804840,654.51,-9.253092138234997,7.32835615810945
1524804900,654.99,-7.730719076309844,0.1526717557254198
1524804960,655.0,16.744739967553546,-7.639419404126269
1524805020,654.5,-5.912153000009468,-9.788028018229422
1524805080,653.86,-10.669879570383012,16.947341099592393
1524805140,654.97,0.0,-7.639769584548706
1524805200,654.47,7.5844668380598,-13.310893512852306
1524805260,653.6,-10.836047774157587,-1.5302218821733327
1524805320,653.5,0.03260862476262005,0.1530198466737076
1524805380,653.51,-0.0434780245750499,-0.0
1524805440,653.51,0.0,3.212384507128574
1524805500,653.72,0.0,4.281345565748662
1524805560,654.0,10.858683849257478,-0.0
1524805620,654.0,-0.010857763300675671,-0.0
1524805680,654.0,0.01085777509013397,-2.600064236879529
1524805740,653.83,0.0,2.5993883792041483
1524805800,654.0,0.0,14.809838618563553
1524805860,654.97,5.6568946796953234,-17.129311004053793
1524805920,653.85,0.010851624652197245,-4.5903144365389
1524805980,653.55,-6.424154822131101,0.7649938800502465
1524806040,653.6,-6.015658084761455,6.42182196262997
1524806100,654.02,-4.074421758064606,-1.0704182276932706
1524806160,653.95,-0.11956508742971828,-9.489844335941466
1524806220,653.33,-2.847857041923252,1.3773683082840549
1524806280,653.42,-7.784910321312344,-0.0
1524806340,653.42,-2.840006441701126,-4.74652049424984
1524806400,653.11,-2.0462562761847103,-0.15311590874311776
1524806460,653.1,0.010886569565826676,0.1531135643306758
1524806520,653.11,0.0,-0.45936179334793437
1524806580,653.08,0.0,-0.0
1524806640,653.08,0.0,-1.0719590817909186
1524806700,653.01,0.0,-3.829891537472374
1524806760,652.76,-0.010886557714195888,-7.2053841082952985
1524806820,652.29,0.010886569565826676,19.279320633462937
1524806880,653.55,5.06224933701116,4.435335861985301
1524806940,653.84,10.565499021248925,-5.355858544124903
1524807000,653.49,0.0,7.7981651376146655
1524807060,654.0,0.0,7.486745404818862
1524807120,654.49,4.336956521739932,2.444054074696167
1524807180,654.65,4.498049215611033,-2.903156801026263
1524807240,654.46,-13.336041085431072,-18.5227707615776
1524807300,653.25,-4.175796690898403,-3.981684252438722
1524807360,652.99,7.593551356013251,1.3780853800460235
1524807420,653.08,1.0870758637637756,-1.9909640860715783
1524807480,652.95,0.010869577031780153,-0.0
1524807540,652.95,10.847826086957113,-10.425130697411245
1524807600,652.27,0.010857786878482045,0.153308395167695
1524807660,652.28,-11.715539321974777,7.200306396016876
1524807720,652.75,2.119749543436633,3.6754008484052303
1524807780,652.99,-2.32579623199225,-3.6767522022218557
1524807840,652.75,0.0,-7.512341704227765
1524807900,652.26,-9.78366150270471,3.5249582369079047
1524807960,652.49,0.0,3.8300088856202397
1524808020,652.74,0.0,3.981623277181656
1524808080,653.0,0.9793242880040687,-15.183816199138
1524808140,652.01,0.010880315441941235,15.160796324655834
1524808200,653.0,0.0,-2.9104946309033153
1524808260,652.81,3.0791259199292043,2.7565506363047554
1524808320,652.99,-8.418762746430497,-15.030444318337999
1524808380,652.01,0.0,-1.073718440345317
1524808440,651.94,-0.8926617758953093,0.15338599585801305
1524808500,651.95,-9.820156142660297,-45.609331422673534
1524808560,648.99,-15.442172496804574,15.384852074646904
1524808620,649.99,14.189041693952742,15.054457194648707
1524808680,650.97,5.449591280652921,-16.46407139560102
1524808740,649.9,0.20697167756100754,-0.15387219375551098
1524808800,649.89,0.0,10.29881947860245
1524808860,650.56,6.339738066423184,-4.4596859765944075
1524808920,650.27,0.0,-0.3075740099967028
1524808980,650.25,7.925094790883769,-14.16845055672633
1524809040,649.33,-9.017446420162,2.463471339050338
1524809100,649.49,-10.87642896026142,7.846153846153836
1524809160,650.0,-0.010899170682643344,-0.0
1524809220,650.0,9.514986376020218,3.229725780902193
1524809280,650.21,0.0762217530336784,12.13517665130559
1524809340,651.0,8.885210914870711,15.1842819675152
1524809400,651.99,19.636726008382954,0.15337423312833387
1524809460,652.0,-5.103143210486438,-0.0
1524809520,652.0,2.6615073256630595,-0.0
1524809580,652.0,2.4327306532745396,-0.1533765855299407
1524809640,651.99,-0.010857763300675671,0.15337423312833387
1524809700,652.0,0.0,-0.1533765855299407
1524809760,651.99,0.01085777509013397,0.15337423312833387
1524809820,652.0,0.0,15.313935681470214
1524809880,653.0,12.920738327903969,-0.0
1524809940,653.0,0.0650625142317729,-0.0
1524810000,653.0,3.296479273386943,-0.15314170201730093
1524810060,652.99,0.0,-0.0
1524810120,652.99,0.0,0.15313935681438018
1524810180,653.0,14.09214092140898,-4.443014508739296
1524810240,652.71,-25.709027928122463,19.724770642201015
1524810300,654.0,9.756626963670634,-5.048418926982823
1524810360,653.67,0.0,5.045871559633541
1524810420,654.0,-1.3444299400211523,-12.400679740962595
1524810480,653.19,-9.141184124918933,-2.7564662103185533
1524810540,653.01,-0.01085355622265638,11.624883368768213
1524810600,653.77,0.2713392000486259,-0.0
1524810660,653.77,12.155666331301607,-0.0
1524810720,653.77,-3.9783154706607426,-0.1529613313744349
1524810780,653.76,9.304504551399528,3.669724770641869
1524810840,654.0,0.0,-0.45873663929496544
1524810900,653.97,-0.01083433009196888,0.4587155963298173
1524810960,654.0,0.01083434183035692,13.590068561132318
1524811020,654.89,2.242706328980937,12.200887614575162
1524811080,655.69,4.506070738812262,0.6100071675840812
1524811140,655.73,2.5984852996097096,26.616779217618625
1524811200,657.48,0.5845073090493536,-13.554882042066119
1524811260,656.59,-4.42684290336004,-32.699213079685485
1524811320,654.45,-12.86410395235471,4.887212303555932
1524811380,654.77,0.0,-2.1386126514211234
1524811440,654.63,-3.3719608982651916,0.6109948523680409
1524811500,654.67,-1.6702801840784431,-11.010016056272054
1524811560,653.95,-7.007670470261518,22.123893805309216
1524811620,655.4,0.9552746903218612,-13.597958778321928
1524811680,654.51,1.193979305083026,-5.80924281106121
1524811740,654.13,0.010853061485072146,21.508984958964472
1524811800,655.54,5.4265248534846044,0.15254366562467148
1524811860,655.55,4.469031348304231,-9.466660559143136
1524811920,654.93,-17.73803224939141,12.657069659631759
1524811980,655.76,17.780413522237026,-0.0
1524812040,655.76,-8.45699887131568,3.658536585365857
1524812100,656.0,6.879840439788509,-15.42008274935558
1524812160,654.99,-12.644130618423288,19.808316445473206
1524812220,656.29,16.26491176448086,-11.593672295699964
1524812280,655.53,0.010840120152622035,18.12035570715187
1524812340,656.72,0.0,-1.370634908548496
1524812400,656.63,-8.531165311653766,-16.780315164828252
1524812460,655.53,6.097342665234429,14.014776449082778
1524812520,656.45,2.439619419369876,-18.1607300918718
1524812580,655.26,0.0,5.795863583674121
1524812640,655.64,0.0,-0.0
1524812700,655.64,0.0,-0.0
1524812760,655.64,0.0,-4.119810183560446
1524812820,655.37,-4.3360433604333615,-10.998243336133307
1524812880,654.65,0.0,-5.043403839100069
1524812940,654.32,-1.0736362650465292,-8.718929254303287
1524813000,653.75,-16.019505401838607,13.290153065901311
1524813060,654.62,-6.757021001081442,-5.808266079725399
1524813120,654.24,14.610251961619802,1.8338529249950497
1524813180,654.36,13.611999400813257,1.5279772636989097
1524813240,654.46,-0.02168021680293286,7.023758627007215
1524813300,654.92,-9.615196997716513,-0.6107989249937162
1524813360,654.88,-7.389234720507343,-5.805958747135964
1524813420,654.5,0.010858588601614372,7.481030244737008
1524813480,654.99,0.0,1.526507808087274
1524813540,655.09,10.836859656153663,4.424913790471718
1524813600,655.38,-0.010846822261489919,-11.609788885154071
1524813660,654.62,-10.423807499068127,9.919575136966285
1524813720,655.27,5.776537052901709,-8.85915471444454
1524813780,654.69,4.666310001422147,-23.884984612558835
1524813840,653.13,-15.467568543782173,8.566751824260477
1524813900,653.69,-6.5616298914839,0.1529753709650361
1524813960,653.7,-0.3261227591278004,-0.30596010280437014
1524814020,653.68,-4.01144075950044,-6.735656114138511
1524814080,653.24,0.4676454594898516,-7.813337827278222
1524814140,652.73,-4.8067355197090045,31.917168076723847
1524814200,654.82,5.113692619198584,-20.19892884468355
1524814260,653.5,4.654344254007015,-7.50371357253421
1524814320,653.01,3.728264922027158,13.763361930541063
1524814380,653.91,0.0,-2.14142588371935
1524814440,653.77,0.0,7.489377311772349
1524814500,654.26,0.010865526076653254,-3.5166582572676575
1524814560,654.03,5.584874334894074,14.046873807161964
1524814620,654.95,0.0,-4.735427104973766
1524814680,654.64,0.01085944940415473,-4.126106025643672
1524814740,654.37,-0.010859437611365763,0.1528164063691051
1524814800,654.38,-7.123798809152149,9.160585056032788
1524814860,654.98,0.0,-5.346531628553919
1524814920,654.63,0.0,-19.744696482688617
1524814980,653.34,0.0,7.035790761699134
1524815040,653.8,0.0,6.878104700038801
1524815100,654.25,0.0,5.346776657501051
1524815160,654.6,0.0,0.45827413958976493
1524815220,654.63,0.0,-9.633027522935045
1524815280,654.0,0.0,8.555365436322404
1524815340,654.56,0.0,-0.1527767168285621
1524815400,654.55,0.0,21.343090174557044
1524815460,655.95,0.0,-12.975118302549493
1524815520,655.1,6.487713010525642,-0.0
1524815580,655.1,2.1720290443716372,-0.1526507808091715
1524815640,655.09,0.0,7.017008618716014
1524815700,655.55,0.021715573759184537,1.9826744753537184
1524815760,655.68,0.0,-0.0
1524815820,655.68,-0.010857763300675671,4.878048780488919
1524815880,656.0,8.697077846990808,15.220700152207556
1524815940,657.0,4.339336081580214,-3.806623524933439
1524816000,656.75,-12.643678160919603,-2.5891742057315703
1524816060,656.58,-0.010857362486849098,4.719207173193851
1524816120,656.89,13.039706503459314,-8.684787908337377
1524816180,656.32,0.0,10.35007610350025
1524816240,657.0,0.0,-0.0
1524816300,657.0,2.884300513752436,4.259980525802565
1524816360,657.28,5.60433604336108,13.977514433304306
1524816420,658.2,30.161958013774637,12.139605462822
1524816480,659.0,18.351676008125928,27.994249829764726
1524816540,660.85,0.6361185983827511,2.2692889561271024
1524816600,661.0,0.0,7.256455221624769
1524816660,661.48,-7.8162143863624856,10.872848082150721
1524816720,662.2,0.0,-0.0
1524816780,662.2,-1.0465736043341334,4.6791746539665
1524816840,662.51,-5.190253545506174,7.390648567119351
1524816900,663.0,8.626124958974746,-0.0
1524816960,663.0,-3.861691053929084,-12.232138812122706
1524817020,662.19,1.2517575863513208,-17.396829238776057
1524817080,661.04,-1.2192319270432073,-1.6643214863898415
1524817140,660.93,-10.34854861335921,-0.0
1524817200,660.93,-0.010802157407452384,-0.0
1524817260,660.93,0.0,1.0590015128597585
1524817320,661.0,0.01080216907478615,17.970673069663825
1524817380,662.19,2.7977587683802874,-17.85146972058005
1524817440,661.01,0.0,4.385301678511144
1524817500,661.3,-0.010799136069827853,-5.598172272403001
1524817560,660.93,0.0,4.3858322494794155
1524817620,661.22,0.0,-0.0
1524817680,661.22,-10.788348583529173,6.196816952072082
1524817740,661.63,2.9729729729721655,4.381194102005548
1524817800,661.92,7.813893166896957,-0.0
1524817860,661.92,-1.285099967817116,-13.918305597577785
1524817920,661.0,-6.523530612532191,15.105740181269312
1524817980,662.0,0.010807597741191444,-5.289805788559754
1524818040,661.65,-2.9828937527831556,-4.990019960078307
1524818100,661.32,2.983783783783167,-0.30243459852030696
1524818160,661.3,-2.9937013388436906,5.893998700299274
1524818220,661.69,0.0,-5.897474671103797
1524818280,661.3,0.0,1.8142783707786325
1524818340,661.42,0.0,0.15118757842880193
1524818400,661.43,-0.010810822498319439,-0.0
1524818460,661.43,0.0,-4.0837316232078535
1524818520,661.16,-10.49731999420489,-2.4205748865346877
1524818580,661.0,0.0,-0.15128821918564128
1524818640,660.99,0.0,-13.179421923286139
1524818700,660.12,-1.2012635994407272,-3.0306703842897242
1524818760,659.92,-0.010823494777101317,-10.163064087977958
1524818820,659.25,-1.8724666230118814,-0.0
1524818880,659.25,-0.01082553353626281,11.060941240643718
1524818940,659.98,4.600856733651959,0.3030303030304715
1524819000,660.0,3.0081175892648915,11.955386734060491
1524819060,660.79,2.5096165911620005,3.1770045385781653
1524819120,661.0,0.40014015719957996,-0.0
1524819180,661.0,5.255684736777955,-0.15128821918564128
1524819240,660.99,6.766111939160435,15.105968368102074
1524819300,661.99,1.8902060324577086,0.1510574018126487
1524819360,662.0,0.0,4.076887070227908
1524819420,662.27,-6.144708423326817,-4.078549848942625
1524819480,662.0,-0.11886353493584245,-0.0
1524819540,662.0,-0.21611808692312273,-0.0
1524819600,662.0,-7.726388588717992,-15.128593040847349
1524819660,661.0,-0.5623536663845741,-0.15128821918564128
1524819720,660.99,0.0,-0.0
1524819780,660.99,-3.5906137894703427,0.15128593040869553
1524819840,661.0,3.0184972211433347,-0.0
1524819900,661.0,-0.24876159986142454,-0.15128821918564128
1524819960,660.99,4.780667930694982,-0.0
1524820020,660.99,-0.4000004324322681,0.15128593040869553
1524820080,661.0,0.3892051781573258,-0.0
1524820140,661.0,0.01081083418563722,-0.0
1524820200,661.0,-4.3135181767761654,15.256567121342268
1524820260,662.01,-0.01081548777870367,14.630908926362984
1524820320,662.98,0.010815499476013457,-18.58707971288176
1524820380,661.75,0.0,3.776435045317328
1524820440,662.0,4.272117672508013,15.082956259426794
1524820500,663.0,0.05405434623906302,-0.0
1524820560,663.0,0.0,14.909863100348586
1524820620,663.99,8.291891891891723,-0.0
1524820680,663.99,1.8363151851397141,0.15060240963871152
1524820740,664.0,-0.010799870834299341,-0.0
1524820800,664.0,0.0,-0.0
1524820860,664.0,0.010799882497192215,-0.0
1524820920,664.0,-0.010799870834299341,19.54005711708895
1524820980,665.3,0.0,-6.617934602772824
1524821040,664.86,0.0,-13.10260696697263
1524821100,663.99,0.010799882497192215,0.15060240963871152
1524821160,664.0,0.0,-0.0
1524821220,664.0,0.0,-0.0
1524821280,664.0,-10.13027884186668,9.027986758952666
1524821340,664.6,0.010810822499429662,6.015037593984918
1524821400,665.0,-0.010810810811001659,-0.0
1524821460,665.0,0.0,-0.0
1524821520,665.0,0.010810822499429662,-13.099844909882918
1524821580,664.13,-0.010810810811001659,-0.0
1524821640,664.13,0.0,12.181550215057957
1524821700,664.94,11.264877043111188,0.751891005879024
1524821760,664.99,0.9394832410247744,8.414093606790018
1524821820,665.55,14.803569269041805,17.99775028121564
1524821880,666.75,5.401623074525741,48.5074626865667
1524821940,670.0,47.974137931035,42.80109380573105
1524822000,672.88,5.898426943156121,-5.6505576208176755
1524822060,672.5,19.27112696435751,-9.97276096631472
1524822120,671.83,-0.010697475395504696,15.159396596566843
1524822180,672.85,-5.723155459088636,-20.551923391960436
1524822240,671.47,-15.937679285511486,-0.0
1524822300,671.47,1.5973841494454355,10.859863135971315
1524822360,672.2,-4.480536463848939,13.370970138166793
1524822420,673.1,5.2975530452359365,27.261682519927888
1524822480,674.94,10.71811361200492,-5.040023717759468
1524822540,674.6,0.0,0.14823379434036887
1524822600,674.61,3.7366167023544783,-0.14823599169933033
1524822660,674.6,0.010702638950643717,0.14823379434036887
1524822720,674.61,0.0,-0.0
1524822780,674.61,-0.010702627495362549,22.77601124010875
1524822840,676.15,0.0,16.979182046360506
1524822900,677.3,0.0,4.279874260246785
1524822960,677.59,5.897154061276222,1.770668870165748
1524823020,677.71,0.0,-21.293270439322054
1524823080,676.27,-8.375227297037213,-3.9940828402373896
1524823140,676.0,0.01070529708879775,2.218442653256769
1524823200,676.15,-0.010705285627965466,-10.956308020313443
1524823260,675.41,-19.376587729375004,-5.481156672197951
1524823320,675.04,-14.029713388400422,-2.0743813898360663
1524823380,674.9,-5.370575048952997,-5.633635770621037
1524823440,674.52,0.0,5.630463772410277
1524823500,674.9,0.010746921812465615,-0.0
1524823560,674.9,0.0,1.3333530867132293
1524823620,674.99,0.0,-4.298206610344746
1524823680,674.7,-0.010746910263925713,-3.113463505759473
1524823740,674.49,0.010746921812465615,7.259474354796014
1524823800,674.98,-1.2681354110699594,29.690246532444455
1524823860,676.99,6.642432893155803,14.749480080826771
1524823920,677.99,10.730397422127336,14.874815905743244
1524823980,679.0,7.263956291798657,-0.0
1524824040,679.0,0.010721836951610442,-0.0
1524824100,679.0,0.0,-0.0
1524824160,679.0,3.463149622000561,-0.14727757404298103
1524824220,678.99,0.0,5.004931329398721
1524824280,679.33,0.0,-0.0
1524824340,679.33,10.450160771704464,9.852941176470287
1524824400,680.0,0.26767311758879586,16.15034503009816
1524824460,681.1,-0.010706638116086964,20.366598778004395
1524824520,682.49,0.01070664957802947,-54.805014953518416
1524824580,678.77,-19.089935760171485,-0.14732747952050929
1524824640,678.76,7.079896633510607,0.14732530901451213
1524824700,678.77,-5.038177594689497,48.96570934306843
1524824760,682.11,5.287390592305652,15.223596574690523
1524824820,683.15,6.560188659021637,0.14637859359400984
1524824880,683.16,0.0,-10.843761906158544
1524824940,682.42,5.163297311656656,6.443487684152371
1524825000,682.86,0.0,-8.500908717830047
1524825060,682.28,0.010706706896623785,-2.492266643210339
1524825120,682.11,5.396174497720452,-10.272816659573358
1524825180,681.41,-5.32905867207889,-20.88266003911654
1524825240,679.99,0.0,11.164157179581746
1524825300,680.75,-2.152031957139977,0.5875526961318656
1524825360,680.79,-8.513600342686667,-27.24835773411316
1524825420,678.94,0.010718056173697477,13.825969288696616
1524825480,679.88,6.666623794489013,-14.58262752434214
1524825540,678.89,3.9737454317978482,27.90875306629026
1524825600,680.79,11.241982057796918,4.5514608721197725
1524825660,681.1,19.31449581786593,4.4027003228641615
1524825720,681.4,-5.27296113059017,21.672914714152558
1524825780,682.88,5.756326886745544,-31.436378059170877
1524825840,680.74,-9.232575514995789,-12.649291051363143
1524825900,679.88,0.010683361200136687,26.990553306343035
1524825960,681.72,-0.010683349785933771,-14.984574702512354
1524826020,680.7,2.2862392966072065,-10.44133001955938
1524826080,679.99,0.0,-6.180378768927408
1524826140,679.57,-5.073436660546493,0.7357052470491343
1524826200,679.62,3.921887122317891,-8.983667398123618
1524826260,679.01,-1.068215151349694,-14.896755162241426
1524826320,678.0,-10.704659304453523,14.874596839515863
1524826380,679.01,-2.5346536347670146,7.2111846946287805
1524826440,679.5,-0.010697452509367267,1.7656925929199208
1524826500,679.62,0.20325181509184276,5.2942733609817605
1524826560,679.98,7.274127639544936,0.294117647058334
1524826620,680.0,-4.500267236771105,20.838836547210082
1524826680,681.42,7.229335703184958,-9.842085934630429
1524826740,680.75,-1.0152230017457242,2.4966222169997554
1524826800,680.92,3.548297458477734,-13.529411764705568
1524826860,680.0,0.01068385199864963,13.071127494895807
1524826920,680.89,0.0,-5.437018750367173
1524826980,680.52,0.0,-31.397868482732072
1524827040,678.39,-20.951011385769156,22.79612907021278
1524827100,679.94,4.667934289190878,-1.7651731340651011
1524827160,679.82,-0.010701276020874673,3.2351038174216473
1524827220,680.04,0.0,5.584785867552844
1524827280,680.42,0.010701287471714949,0.1469658892172543
1524827340,680.43,-0.010701276020874673,0.14696372935274482
1524827400,680.44,0.010701287471714949,-0.2939360982945338
1524827460,680.42,0.0,9.543806069861605
1524827520,681.07,-0.7169854933497533,4.256193495362215
1524827580,681.36,-0.010702043341526135,0.1467631389695523
1524827640,681.37,0.01070205479569708,-5.580111308536306
1524827700,680.99,-22.806054359958416,-29.30780559646573
1524827760,679.0,-12.507106310403193,2.6502547189255488
1524827820,679.18,17.89273808296299,-18.438481849158972
1524827880,677.93,-4.341906364914161,15.7584683357892
1524827940,679.0,-8.977170957724656,13.824749242581369
1524828000,679.94,0.0,-27.28251412054572
1524828060,678.09,0.0,19.281719163967146
1524828120,679.4,0.0,13.376254942599752
1524828180,680.31,7.042193041968403,-1.0290485710906516
1524828240,680.24,6.490134994807661,10.72000234959014
1524828300,680.97,0.5145858280930504,-3.525626900533485
1524828360,680.73,-0.5359993224973714,1.0282021151575282
1524828420,680.8,-0.921968252131089,1.9091536574977752
1524828480,680.93,9.456406715548926,25.9264684341598
1524828540,682.7,0.010711420410647321,3.660590087122273
1524828600,682.95,1.2425234365620597,-13.782789108665039
1524828660,682.01,-7.379243868479435,1.026272577997478
1524828720,682.08,0.2786676684407574,-0.0
1524828780,682.08,0.0,-1.0263779123476091
1524828840,682.01,0.0,-11.449877427593957
1524828900,681.23,-3.6118610515989413,5.721663096739382
1524828960,681.62,-4.288624423716136,-4.990605918271385
1524829020,681.28,0.010726161108198795,-0.7339665017691566
1524829080,681.23,0.0,-3.3773861967700824
1524829140,681.0,0.0,-1.7624250969339172
1524829200,680.88,-6.17826217069406,6.164685160721106
1524829260,681.3,1.2879336714166634,-14.69939732470893
1524829320,680.3,-2.6077298263127435,-9.416472942354037
1524829380,679.66,-14.07253312036727,12.637394933286972
1524829440,680.52,5.127427869344725,-15.748031496061188
1524829500,679.45,2.492565279423875,-4.859229591236414
1524829560,679.12,-1.2137486573571277,-0.5890322200619025
1524829620,679.08,-6.305813702416341,0.14725588655339905
1524829680,679.09,-0.010749220681338656,21.01334273790556
1524829740,680.52,6.320548554821226,2.938065577624549
1524829800,680.72,1.2138959938190474,2.643559994124356
1524829860,680.9,8.958109559613625,-0.0
1524829920,680.9,1.566802670860401,13.053872893412644
1524829980,681.79,0.0,-7.926605504586792
1524830040,681.25,-6.480825768792053,-18.087703302844815
1524830100,680.02,-1.9970452320017262,12.777394292764477
1524830160,680.89,0.010738946938371186,-1.3219741480607894
1524830220,680.8,-0.9772431219801092,0.14688385893246725
1524830280,680.81,-9.665986467618515,-1.3221295099286046
1524830340,680.72,0.0,-0.14690543697071234
1524830400,680.71,5.665448290690378,-17.80721118469497
1524830460,679.5,-3.4918939710570918,8.234567538157878
1524830520,680.06,0.0,6.318976031978174
1524830580,680.49,1.0640561821650962,11.889035667106418
1524830640,681.3,7.50133530216468,2.7880086281539818
1524830700,681.49,8.1615207920116,5.133169071923627
1524830760,681.84,0.01073008576657486,-0.0
1524830820,681.84,0.0,15.229615745079306
1524830880,682.88,0.0,-0.1464407573914528
1524830940,682.87,0.0,1.6105888898654275
1524831000,682.98,0.0,14.912280701754321
1524831060,684.0,22.54388600369195,-14.934551524201645
1524831120,682.98,-9.613933137130326,14.912280701754321
1524831180,684.0,5.636742991310673,-0.0
1524831240,684.0,-0.7497143052970223,8.472348008998765
1524831300,684.58,5.569723838094731,2.774654263474341
1524831360,684.77,-1.4772962053821725,2.044064183615024
1524831420,684.91,0.0,-0.0
1524831480,684.91,0.0,-0.0
1524831540,684.91,0.0,1.3138686131386468
1524831600,685.0,-7.6552380564898215,-21.94586686174116
1524831660,683.5,-1.8215209485628048,1.7553611655596324
1524831720,683.62,1.9611709583799986,-0.14628223694801434
1524831780,683.61,0.010714679861134613,-0.7314646848866069
1524831840,683.56,0.9321761491487557,7.4553773736618645
1524831900,684.07,1.1999310039656486,-1.023391812866592
1524831960,684.0,4.295666090696759,-0.0
1524832020,684.0,0.0,-0.0
1524832080,684.0,-6.435378520184276,9.493901993719023
1524832140,684.65,3.1286865195401248,5.547202312307098
1524832200,685.03,1.4888746785257645,0.14597687726269903
1524832260,685.04,0.010709734077352095,-6.427110721587415
1524832320,684.6,-2.473945922326637,0.14606856458376782
1524832380,684.61,-2.131762185323405,-1.4608990372688702
1524832440,684.51,-3.214397070183672,8.611881477157413
1524832500,685.1,5.819929453452222,-0.0
1524832560,685.1,-5.827256133615899,-1.4598540145982497
1524832620,685.0,-4.876741693461417,1.6055815854387756
1524832680,685.11,3.817510146963965,-0.14596409283251788
1524832740,685.1,-0.010719251024582377,-0.14596622341489507
1524832800,685.09,0.010719262515390682,-1.021867974657642
1524832860,685.02,0.0,1.1677127426656941
1524832920,685.1,-0.010719251024582377,-0.0
1524832980,685.1,0.010719262515390682,-0.14596622341489507
1524833040,685.09,1.0612058514247735,0.14596409283251788
1524833100,685.1,-4.297963558413942,5.980948490904581
1524833160,685.51,0.0,5.6859600524861165
1524833220,685.9,1.4046766080588746,-11.823264096686437
1524833280,685.09,-10.195876620242572,-1.1678661625391662
1524833340,685.01,-7.276403524870689,-29.282148138387587
1524833400,683.01,-4.832988043187436,-6.886043308818035
1524833460,682.54,-4.512969953291979,-3.0776896809459053
1524833520,682.33,-2.4832541594499435,-4.838709677419395
1524833580,682.0,-16.129032258064278,-18.214936247722413
1524833640,680.76,-16.15508885298822,-1.3222266296453178
1524833700,680.67,5.512405609493509,-4.115286820793873
1524833760,680.39,4.291054230083358,5.435101944885057
1524833820,680.76,4.407759812654621,18.76722772857886
1524833880,682.04,4.481223029177972,-22.483137646764906
1524833940,680.51,0.01076734565508275,1.322362621216655
1524834000,680.6,-3.6070569107449213,-4.409819197412901
1524834060,680.3,1.820336062041683,6.169937713010887
1524834120,680.72,-1.820004760012539,11.88502340322417
1524834180,681.53,12.925463162429818,-0.14673083695182498
1524834240,681.52,3.937177280550763,0.5868889019300383
1524834300,681.56,-0.6989502842036366,3.666710667195039
1524834360,681.81,0.0,-14.394195320417413
1524834420,680.83,-15.066119941800071,-6.908107472514136
1524834480,680.36,5.115778136779436,-18.11140724161886
1524834540,679.13,-12.583761672811944,-13.269834716835849
1524834600,678.23,0.0,-10.036159693012081
1524834660,677.55,-8.67638277829541,3.098441926345785
1524834720,677.76,-17.28153475562655,-11.225997045789526
1524834780,677.0,-4.127949133292397,-52.116586734769484
1524834840,673.49,-15.491607181273848,35.066433876838055
1524834900,675.86,16.51176287159606,-7.1071100713671065
1524834960,675.38,-0.08647629630709197,-9.336791404224165
1524835020,674.75,0.0,3.5556082312326875
1524835080,674.99,1.9565431233981023,-14.539843622498605
1524835140,674.01,1.286094401491411,-0.14836795252159973
1524835200,674.0,-9.736319714372943,-42.16517424795674
1524835260,671.17,-18.44240129799779,-65.83880740274051
1524835320,666.78,-76.44167989640293,93.15801203476637
1524835380,673.05,56.762774627323594,-64.60006280561537
1524835440,668.73,-23.953812358906703,38.87746894271182
1524835500,671.34,21.290189859295428,-30.629473023653375
1524835560,669.29,-8.634837605313583,10.597014925373127
1524835620,670.0,1.1523066788132752,1.7907240494241528
1524835680,670.12,-0.010869565217896948,-1.641766540798617
1524835740,670.01,0.010869577031780153,-13.75001868209047
1524835800,669.09,-6.65217391304429,17.306975009324653
1524835860,670.25,-6.395558784756394,-17.187266477356467
1524835920,669.1,-17.414018284719333,-7.4783128926103615
1524835980,668.6,13.388573920629643,8.816629059011927
1524836040,669.19,2.8744768234401086,19.98419160962106
1524836100,670.53,0.0,31.665328695031913
1524836160,672.66,13.551875927950707,2.8238091699495094
1524836220,672.85,20.425311733303086,-16.07693109248798
1524836280,671.77,-3.2002048131085647,-0.0
1524836340,671.77,-2.832274033905957,-1.1910256219382909
1524836400,671.69,2.6051277598071465,1.1908837846275055
1524836460,671.77,-0.010851871947714642,27.315508974036227
1524836520,673.61,16.288677470079893,6.231176653858084
1524836580,674.03,10.823401950161848,-16.495274326815412
1524836640,672.92,-17.30521353378034,9.353425877811627
1524836700,673.55,0.0,6.083447088849336
1524836760,673.96,5.3122289679086165,14.963628013097141
1524836820,674.97,1.1377303904058778,-6.819765459371574
1524836880,674.51,-10.769289107742663,7.259259259259077
1524836940,675.0,0.0,-63.061854286865504
1524837000,670.77,-25.90018882842937,25.13160634089795
1524837060,672.46,4.1974178268477935,-15.93708574747943
1524837120,671.39,-2.347828638944449,20.215533259011487
1524837180,672.75,10.556837862845114,0.2972784161003883
1524837240,672.77,8.102055489305204,-0.0
1524837300,672.77,5.425935973955021,-0.0
1524837360,672.77,-0.29284164859033623,-0.14864141744341808
1524837420,672.76,-2.9068096354234463,0.14863920804963904
1524837480,672.77,-1.1391931257820342,-0.14864141744341808
1524837540,672.76,-1.0850694444441977,-11.160548206128329
1524837600,672.01,1.3130765056956761,-0.0
1524837660,672.01,-6.738127711932718,-0.0
1524837720,672.01,0.10857763300897716,0.14880509508596873
1524837780,672.02,-0.21715290822066358,-0.0
1524837840,672.02,-2.833906991388524,-7.743857036486279
1524837900,671.5,-4.072859657945349,-12.22639708952089
1524837960,670.68,-0.5867307579487946,8.491620111732434
1524838020,671.25,-3.259806584808844,-3.7257824143077656
1524838080,671.0,9.782608695652062,6.8507431567033095
1524838140,671.46,1.0858942339009303,13.979773944080565
1524838200,672.4,6.872964169382101,20.777678836449986
1524838260,673.8,5.067092866684053,-14.267879436418163
1524838320,672.84,1.0302570220166452,22.539889673170997
1524838380,674.36,6.0833120977643595,-19.314771342824333
1524838440,673.06,1.5605425486264757,-29.05633949724873
1524838500,671.11,0.0,9.824791223186358
1524838560,671.77,0.0,3.5713754259614205
1524838620,672.01,0.0,-8.936417390268403
1524838680,671.41,0.0,-5.961163022905058
1524838740,671.01,-0.010835410120257905,-0.14903129657239944
1524838800,671.0,0.010835421861976613,43.624061489153654
1524838860,673.94,20.229710694550374,0.7418507692991128
1524838920,673.99,-0.010813534653264512,0.29673150249931446
1524838980,674.01,0.0,-0.0
1524839040,674.01,0.0,-16.495764600981122
1524839100,672.9,0.0,-0.0
1524839160,672.9,-11.051444365384189,6.6830028959685706
1524839220,673.35,0.0,-0.0
1524839280,673.35,0.0,19.12130914265342
1524839340,674.64,7.285568295978262,-5.7842046718570295
1524839400,674.25,3.0613889619068857,-10.689946995678934
1524839460,673.53,-8.640640207634442,-0.14847369046222525
1524839520,673.52,0.0,0.4454012322763212
1524839580,673.55,-13.475469774359983,6.528286769834635
1524839640,673.99,0.010838275588120894,-6.829688358351849
1524839700,673.53,-6.47044351259396,-0.0
1524839760,673.53,-0.650716873088486,-0.0
1524839820,673.53,-3.470715835142135,-0.0
1524839880,673.53,-4.296502039752292,-0.0
1524839940,673.53,5.600878773537321,-0.0
1524840000,673.53,2.169668040790107,27.834944700255715
1524840060,675.41,5.422993492407713,-0.1480604086467885
1524840120,675.4,5.420054200542257,-0.14806260086652756
1524840180,675.39,5.406283856987937,-0.0
1524840240,675.39,4.3421812043109576,12.126410434628587
1524840300,676.21,6.418443554496722,14.61901949202593
1524840360,677.2,-5.332652599857601,5.165670430224978
1524840420,677.55,10.822510822510178,20.032110294442298
1524840480,678.91,0.0,-9.583345619672556
1524840540,678.26,-5.297297297296444,-1.0321591294459864
1524840600,678.19,0.6273593579297909,-7.821031195585082
1524840660,677.66,-0.7354786235302946,5.014749262537421
1524840720,678.0,4.1644131963236575,2.801574779929261
1524840780,678.19,-2.097558074788397,-17.57754800590927
1524840840,677.0,8.748868540950916,23.136890814507982
1524840900,678.57,-1.1453268503502922,1.768112098307073
1524840960,678.69,6.980810335921461,4.418327221313856
1524841020,678.99,-0.4319467841562563,7.21139695060935
1524841080,679.48,0.7343412526994442,7.647058823528896
1524841140,680.0,0.34554697927013933,-0.0
1524841200,680.0,1.0689990281820272,-17.53067868770497
1524841260,678.81,-2.1485663448128633,-32.36676421033869
1524841320,676.62,-19.42764578833689,14.610173993890863
1524841380,677.61,2.153211260320642,-0.0
1524841440,677.61,1.081782778018514,-0.0
1524841500,677.61,0.0,5.752212389380507
1524841560,678.0,0.0,14.580479830336168
1524841620,678.99,5.397512168738849,-14.601769911504192
1524841680,678.0,0.010810822499429662,0.14749044999318173
1524841740,678.01,-2.1513513513515825,8.399893896078314
1524841800,678.58,-4.130618370871142,-8.554572271386451
1524841860,678.0,0.8654084349180025,-0.0
1524841920,678.0,0.0,0.14749044999318173
1524841980,678.01,0.0,-0.0
1524842040,678.01,-0.5192001289344716,12.815225076596715
1524842100,678.88,0.0,0.14729926792300674
1524842160,678.89,-0.010817230984283555,-13.126843657815801
1524842220,678.0,-4.856941965493133,-14.623122258163868
1524842280,677.01,-5.422072054034333,-0.0
1524842340,677.01,-0.47644829453186155,-14.940828402367767
1524842400,676.0,0.47647099591152653,-34.73562331146374
1524842460,673.66,-22.414726583649404,4.8962150773756985
1524842520,673.99,3.4620101364191136,-0.0
1524842580,673.99,-2.690537228681178,-27.076483627654913
1524842640,672.17,-14.943011456308719,-2.529761904761507
1524842700,672.0,0.0,5.948839976204212
1524842760,672.4,12.302689637482267,23.294805406769427
1524842820,673.97,8.075931120123947,-8.464508464509635
1524842880,673.4,5.422993492407713,-4.605624805003039
1524842940,673.09,0.0,-7.433949359936243
1524843000,672.59,-7.577235772358026,-0.0
1524843060,672.59,-0.01084832843556427,0.1486767766878394
1524843120,672.6,2.1588197005861787,26.542505078662735
1524843180,674.39,0.010845998748010288,-1.3347174847999632
1524843240,674.3,0.0,-4.302606786248386
1524843300,674.01,7.592190889371686,-0.14836795252159973
1524843360,674.0,0.0,5.931198102016033
1524843420,674.4,0.0,2.8165255933243483
1524843480,674.59,3.251327625446443,-0.0
1524843540,674.59,0.0,0.1482359916982201
1524843600,674.6,0.0,-0.0
1524843660,674.6,3.250270855905679,-0.1482381891215745
1524843720,674.59,0.0,0.1482359916982201
1524843780,674.6,2.1661431820652055,-0.0
1524843840,674.6,0.0,-0.0
1524843900,674.6,-0.010828370330395742,-0.0
1524843960,674.6,0.0,-0.0
1524844020,674.6,0.010828382055461105,-0.0
1524844080,674.6,0.0,-0.0
1524844140,674.6,-0.010828370330395742,-8.753579323750316
1524844200,674.01,0.010828382055461105,-29.761461883006657
1524844260,672.01,-12.073632918245814,13.077917638841807
1524844320,672.89,5.420729955496473,5.050279993464857
1524844380,673.23,-0.5309437253830929,-0.29708411936724133
1524844440,673.21,-5.42891694732317,-0.0
1524844500,673.21,-2.3201981926324056,-0.0
1524844560,673.21,4.110089673698969,5.9381541247904845
1524844620,673.61,0.0,-16.207696425385443
1524844680,672.52,-0.010840108400911319,-14.444196262377584
1524844740,671.55,0.010840120152622035,22.13835730417224
1524844800,673.04,-7.5230352303523595,28.593863430967925
1524844860,674.97,23.801103485983077,19.665828774211302
1524844920,676.3,11.937229437231078,-4.881873455921948
1524844980,675.97,3.2104533224952547,7.83444198078298
1524845040,676.5,0.0,7.385524372230945
1524845100,677.0,11.875945537065391,-0.0
1524845160,677.0,9.713987818660286,-0.1477126693161246
1524845220,676.99,-5.36985698712189,-0.0
1524845280,676.99,-1.251482089241751,-3.102928573539554
1524845340,676.78,2.3090576563067344,0.2955082742317483
1524845400,676.8,0.010787498152531327,1.4773230905607004
1524845460,676.9,0.0,10.183149101965494
1524845520,677.59,2.103559870549887,0.8854128237278935
1524845580,677.65,0.0,5.162241887906038
1524845640,678.0,2.157043556101357,8.841732979664174
1524845700,678.6,0.0,1.4734050390452502
1524845760,678.7,-0.01078289186384751,4.2710496472697645
1524845820,678.99,1.1429877700308566,-0.0
1524845880,678.99,15.094339622641062,1.4725588655406519
1524845940,679.09,6.459252879749133,-0.0
1524846000,679.09,-4.29263044647632,-0.1472580550143654
1524846060,679.08,0.0,-15.929203539823966
1524846120,678.0,-2.6907731236969212,-17.8785147534688
1524846180,676.79,-11.088969059623865,14.901150781941874
1524846240,677.8,-3.459719062188782,-9.451237521411748
1524846300,677.16,0.0,-0.0
1524846360,677.16,0.010781671160309259,0.590667454224425
1524846420,677.2,0.0,2.5097066595802797
1524846480,677.37,-0.010781659535163968,9.14467765011251
1524846540,677.99,0.0,5.896313330090441
1524846600,678.39,5.3800539083548315,-13.432130837809364
1524846660,677.48,0.0,7.522234841221831
1524846720,677.99,-5.377160966768546,-2.5080404827226843
1524846780,677.82,3.0619946091636763,-0.0
1524846840,677.82,-2.144895794710111,5.8977912771662755
1524846900,678.22,0.9702614854689706,-20.240821452315316
1524846960,676.85,-13.539224405098027,-0.0
1524847020,676.85,-10.502807045194018,-0.1477454051168614
1524847080,676.84,5.98630282047985,9.00435456491322
1524847140,677.45,4.5248380129603305,-8.125276998081077
1524847200,676.9,0.8743343994455088,-0.14773449157123864
1524847260,676.89,-1.068537506745404,-0.0
1524847320,676.89,0.0,1.6248153618914074
1524847380,677.0,0.0,-0.0
1524847440,677.0,1.057857234609827,-0.1477126693161246
1524847500,676.99,5.4074532190528934,13.129167404259956
1524847560,677.88,6.9039913700108535,-5.608856088561431
1524847620,677.5,-4.74321935233446,2.3610660213080337
1524847680,677.66,-1.4559965487492832,4.4250398253598
1524847740,677.96,0.0,-6.4942732317874174
1524847800,677.52,-7.173175559426204,1.1806375442746653
1524847860,677.6,11.269430051814577,5.899705014749124
1524847920,678.0,0.6038100413596759,-0.14749480080844535
1524847980,677.99,2.1563342318065004,-0.0
1524848040,677.99,0.0,-1.3276294438702152
1524848100,677.9,-2.091193273687786,1.474926253687281
1524848160,678.0,0.010781601413878406,-0.14749480080844535
1524848220,677.99,4.549830890765438,-0.0
1524848280,677.99,-4.62319854213078,-7.971067975496293
1524848340,677.45,-8.366576819407445,5.163765122453423
1524848400,677.8,8.880745507831023,-0.0
1524848460,677.8,4.82994392737135,-0.14753832307867754
1524848520,677.79,0.05387960064329178,0.14753614635543144
1524848580,677.8,0.0,2.949852507375672
1524848640,678.0,-0.010775862069323239,8.841732979664174
1524848700,678.6,0.01077587368003563,5.743825387708457
1524848760,678.99,-0.010775862069323239,0.14727540500691916
1524848820,679.0,-5.3663850930874,2.7974499035621214
1524848880,679.19,5.369266448229659,0.8833271991159908
1524848940,679.25,2.7370719149488743,0.14721903247583157
1524849000,679.26,0.0,-0.0
1524849060,679.26,0.0,-0.0
1524849120,679.26,-0.01077292505424765,-0.14722119985322024
1524849180,679.25,0.01077293666051915,-0.0
1524849240,679.25,0.0,-0.0
1524849300,679.25,0.0,0.14721903247583157
1524849360,679.26,0.0,-0.0
1524849420,679.26,-0.01077292505424765,0.14721686516394605
1524849480,679.27,0.01077293666051915,0.44163109082839824
1524849540,679.3,0.0,-0.0
1524849600,679.3,1.044973730222054,4.414361389053489
1524849660,679.6,5.924489686002232,-0.14714754484224102
1524849720,679.59,-0.010765421466496505,30.952031685492763
1524849780,681.7,0.02153086611222932,-8.662330607391855
1524849840,681.11,0.0,1.6147500073404597
1524849900,681.22,15.986633667097738,1.0274626076989257
1524849960,681.29,6.599411427083979,3.081438004403081
1524850020,681.5,8.431793770140583,-0.0
1524850080,681.5,0.0,7.184856082933511
1524850140,681.99,-15.454208857192953,-0.0
1524850200,681.99,1.655299915621633,-10.715439039428176
1524850260,681.26,0.010746921812465615,-4.111721342769936
1524850320,680.98,0.0,0.14684503443551655
1524850380,680.99,0.0,14.223708135374658
1524850440,681.96,5.351961311121922,-0.0
1524850500,681.96,-2.3845378830023023,0.5865102639290853
1524850560,682.0,-5.758635804963275,-0.0
1524850620,682.0,-5.761953904367401,-21.453551591383846
1524850680,680.54,-5.431836369426124,0.14693997501979972
1524850740,680.55,-3.20706328784226,-9.41301054551369
1524850800,679.91,-7.535786913782649,-0.44125433900088495
1524850860,679.88,1.5082940009758516,-5.445100145693438
1524850920,679.51,-2.315959329599604,-0.0
1524850980,679.51,1.336025496538884,-0.0
1524851040,679.51,-0.010772959870841703,-0.0
1524851100,679.51,0.9803404043529085,-0.14716703458317326
1524851160,679.5,0.0,-0.0
1524851220,679.5,0.0,0.1471648688022853
1524851280,679.51,0.0,-0.0
1524851340,679.51,0.0,-0.0
1524851400,679.51,0.0,-0.14716703458317326
1524851460,679.5,3.8778895663238444,0.8829242450991703
1524851520,679.56,2.024335092063456,-0.0
1524851580,679.56,1.1949772200736675,-0.8830022075057009
1524851640,679.5,0.0,-5.890148726255262
1524851700,679.1,-5.371372843242517,0.14725154982242472
1524851760,679.11,2.907915993539678,4.268472181335747
1524851820,679.4,-5.017388589209082,-4.417611544691447
1524851880,679.1,-0.032316999604153906,-0.0
1524851940,679.1,-7.659153658134965,-0.0
1524852000,679.1,4.409275649801536,0.14725154982242472
1524852060,679.11,7.844836039694325,-0.14725371815682564
1524852120,679.1,-7.817151864865091,-24.208071325244607
1524852180,677.46,-21.562476764572793,-8.420866019589468
1524852240,676.89,-13.326133909287163,26.374727412034062
1524852300,678.68,19.821230451810834,4.712812960235846
1524852360,679.0,1.0900076516384694,-4.715035068074691
1524852420,678.68,2.967519153986853,-0.0
1524852480,678.68,13.894657353217266,-8.258125405531391
1524852540,678.12,-13.509102484963176,7.956856157722569
1524852600,678.66,7.033372923024306,-0.14735135931642773
1524852660,678.65,-0.2694949987114281,0.14734918810543896
1524852720,678.66,-0.36652307586204635,-0.7368002239860338
1524852780,678.61,4.290633267285404,-8.111376574344575
1524852840,678.06,-4.256465517241681,-2.212683099525048
1524852900,677.91,4.193595334223144,-7.528786536759036
1524852960,677.4,2.2090660068907475,-12.415750266052683
1524853020,676.56,-7.282921011551036,-6.50772052298354
1524853080,676.12,-3.4823934285177494,-0.0
1524853140,676.12,6.4710957722180495,7.241985782060478
1524853200,676.61,-0.20478551411962087,-1.6260162601633432
1524853260,676.5,-6.952071663463011,-0.0
1524853320,676.5,-1.4668829599984168,-22.222222222221255
1524853380,675.0,-21.574973031284195,-0.0
1524853440,675.0,0.0,-2.0745043416403597
1524853500,674.86,-21.6216216216214,-1.185571593704804
1524853560,674.78,11.950162513543194,-2.223440997286552
1524853620,674.63,-3.2139274518117045,2.5192649673966283
1524853680,674.8,-1.006704870936126,-0.0
1524853740,674.8,0.010825873404396447,-0.0
1524853800,674.8,-0.010825861684882199,-0.1481942530268121
1524853860,674.79,3.096199793659604,-0.0
1524853920,674.79,0.021645045071849722,-0.0
1524853980,674.79,-0.010822499110219042,-3.1130481188279546
1524854040,674.58,-5.216450216449786,-0.14824258416368252
1524854100,674.57,-5.608986505948321,-0.0
1524854160,674.57,-5.406283856987937,-0.14824478178576683
1524854220,674.56,-0.010840096650310826,-0.0
1524854280,674.56,10.775067750679046,16.723645458718295
1524854340,675.69,5.479190985540061,1.3317943709478808
1524854400,675.78,9.404761904763248,0.1479749626365212
1524854460,675.79,-3.9356925142930432,0.1479727730091529
1524854520,675.8,0.0,-0.0
1524854580,675.8,5.3650331799182105,-0.0
1524854640,675.8,3.1783749422986673,-0.1479749626365212
1524854700,675.79,0.0,0.1479727730091529
1524854760,675.8,-0.01080736413805461,-0.1479749626365212
1524854820,675.79,0.0,-0.0
1524854880,675.79,0.0,0.1479727730091529
1524854940,675.8,0.0,-5.477991797817605
1524855000,675.43,-1.0267007026965036,-5.925662563144307
1524855060,675.03,-0.032425456578666356,5.77418495158577
1524855120,675.42,-0.010808520570781965,-9.929603556873001
1524855180,674.75,-7.738909094838764,-2.8166508538918222
1524855240,674.56,0.0,-3.559141060622828
1524855300,674.32,-3.0070991336750286,-0.0
1524855360,674.32,-2.1748515744957064,-7.568899244596583
1524855420,673.81,0.0,-0.14841199168946773
1524855480,673.8,-2.1645021645022577,0.1484097891091274
1524855540,673.81,-7.577397705130773,-0.14841199168946773
1524855600,673.8,-2.3074423139413103,-7.574744909326636
1524855660,673.29,-9.6003085968277,0.14852220406980088
1524855720,673.3,0.0,10.38575667655861
1524855780,674.0,1.0737515469072534,3.559563360228113
1524855840,674.24,9.760329682246827,4.5956563635007885
1524855900,674.55,5.406283856987937,-0.0
1524855960,674.55,0.010828382055461105,-6.230252325218899
1524856020,674.13,1.1586356253379115,-4.45216152441974
1524856080,673.83,-13.003366150321494,-3.562998263038075
1524856140,673.59,2.027306847527388,-1.0393158332355767
1524856200,673.52,4.400640369046638,0.14847148605112714
1524856260,673.53,-4.398704657317953,3.8587690526725726
1524856320,673.79,-3.175831596381462,6.6741813004278505
1524856380,674.24,-3.2527377209146113,-22.594838863123634
1524856440,672.72,-27.114967462038564,-17.42238105874483
1524856500,671.55,-7.384448069603922,0.1489070224547362
1524856560,671.56,1.9481487689132493,0.5955926146528068
1524856620,671.6,16.300326441784918,3.1258838064318617
1524856680,671.81,-16.91475701196543,-0.0
1524856740,671.81,0.0,-0.2977120826441748
1524856800,671.79,0.0,0.14885382554341575
1524856860,671.8,0.0,-33.90438068495705
1524856920,669.53,-2.6117019482208015,-9.568090418454744
1524856980,668.89,-11.712189275945306,-23.677151548755493
1524857040,667.31,-9.753439585887813,36.133964433429085
1524857100,669.73,26.878142964670282,-22.747339908113506
1524857160,668.21,-20.169844450682596,9.419293104478976
1524857220,668.84,6.093705714347308,2.3916292974579534
1524857280,669.0,0.010894444812947768,-14.970059880239361
1524857340,668.0,-0.010894432944663635,-4.343202887480135
1524857400,667.71,1.1003389261787788,4.191679516160063
1524857460,667.99,5.446623093681158,0.14970059880270448
1524857520,668.0,-0.01088731627629791,-0.0
1524857580,668.0,0.0,-18.146642871068597
1524857640,666.79,-5.432776736827849,2.998545705333866
1524857700,666.99,0.0,0.14992503748145758
1524857760,667.0,-1.0893246187360095,-0.0
1524857820,667.0,5.065911319315219,-0.1499272852667488
1524857880,666.99,1.4700037566761637,15.119760479042066
1524857940,668.0,5.443658138268859,14.798427480231524
1524858000,668.99,0.0,-0.0
1524858060,668.99,-0.010881392819017677,-13.021612883912237
1524858120,668.12,5.35365109211261,-1.496961168827582
1524858180,668.02,-0.989677984885029,-0.1496983578097577
1524858240,668.01,-4.339786817489921,-13.491028466070532
1524858300,667.11,0.0,0.4496807266840541
1524858360,667.14,-9.804124261018066,-10.353364843573853
1524858420,666.45,-6.426315216206957,-0.7503001200492854
1524858480,666.4,-3.3678107050605366,-36.14457831325302
1524858540,664.0,-51.26466281654807,-40.82867079993946
1524858600,661.3,-32.90962510643869,-14.689624884525188
1524858660,660.33,-16.437675371853146,32.75471698113152
1524858720,662.5,42.10347785960522,-13.906103570240358
1524858780,661.58,-13.752654020949828,-14.986602885300737
1524858840,660.59,-6.259815280539316,-22.15041038945431
1524858900,659.13,2.186813186813019,11.668434611304956
1524858960,659.9,15.392238400613323,-5.3066484724428875
1524859020,659.55,-14.249670908292877,-11.688272260845789
1524859080,658.78,-12.490374063085508,-11.701949818392343
1524859140,658.01,-0.45096374251540894,-16.135170104267793
1524859200,656.95,0.0,15.957446808509967
1524859260,658.0,12.94654298703346,26.97868986631824
1524859320,659.78,7.272327804022094,36.54485049834011
1524859380,662.2,27.860657195359906,2.7174733536627915
1524859440,662.38,0.0,-7.1006632321624075
1524859500,661.91,0.0,1.057433759328319
1524859560,661.98,0.010946907498254888,-3.3244680851063357
1524859620,661.76,16.398449481718202,1.813017465401856
1524859680,661.88,0.010928973692703181,-18.31474109616149
1524859740,660.67,-0.010928961748923882,4.085090931099655
1524859800,660.94,0.0,-6.661619984860145
1524859860,660.5,0.010928973692703181,-0.0
1524859920,660.5,-0.010928961748923882,-0.0
1524859980,660.5,0.010928973692703181,0.15139816202602852
1524860040,660.51,-15.28961748633817,-17.89695600078689
1524860100,659.33,-7.355508586351922,-12.604403948368592
1524860160,658.5,-17.975110879380196,11.376564277588708
1524860220,659.25,0.010973479296350064,-0.15168982464563996
1524860280,659.24,0.0,-15.192027224113502
1524860340,658.24,0.0,0.7595436661644861
1524860400,658.29,-4.7185909190161635,3.037251894486559
1524860460,658.49,-2.4592170687232073,0.1518602885342002
1524860520,658.5,0.0,-0.0
1524860580,658.5,-5.864039928181741,-39.027959874378126
1524860640,655.94,-14.284128904373805,-35.49462990728669
1524860700,653.62,-0.011003509019502644,-24.846625766872243
1524860760,652.0,-10.39832746479008,-0.0
1524860820,652.0,-8.360365917464696,45.9534968931774
1524860880,655.01,19.490770546888303,23.607895698792845
1524860940,656.56,12.48811703401298,-9.604683426585048
1524861000,655.93,-1.0879132834207272,-13.434089000838867
1524861060,655.05,-20.881415540169314,-15.442480582226192
1524861120,654.04,-6.828193832599805,-9.948116744975533
1524861180,653.39,0.0,-5.972434915773039
1524861240,653.0,-3.1409111948665913,-9.350235288707598
1524861300,652.39,-2.8111719279688696,-23.661365906122445
1524861360,650.85,-63.29672268536868,-13.23097278419727
1524861420,649.99,11.641327266673773,-22.821544771862712
1524861480,648.51,-7.73708112517979,-7.561495015586672
1524861540,648.02,0.0,-12.360557461141841
1524861600,647.22,-31.01666091667843,-16.559622378704564
1524861660,646.15,-30.601287479622428,-4.490137181432097
1524861720,645.86,-4.520568587070839,56.96163556869194
1524861780,649.56,22.33389168062594,-10.942436618632811
1524861840,648.85,-5.571030640668662,-0.0
1524861900,648.85,-2.2965440356736977,-0.30824715256727586
1524861960,648.83,6.010298909224776,32.56778554420414
1524862020,650.95,51.3298853379962,-18.006094370404124
1524862080,649.78,-36.86502080517684,-16.957513720170514
1524862140,648.68,-1.268620341993154,-0.0
1524862200,648.68,7.679465776293526,16.928806673027765
1524862260,649.78,19.183932205650844,11.682602145909327
1524862320,650.54,-6.637696120055381,3.2270457164818023
1524862380,650.75,-2.032617400316017,-0.0
1524862440,650.75,-1.4775577858405775,-18.474328381188343
1524862500,649.55,-14.14442872841204,-12.485741591392596
1524862560,648.74,-19.22717440649535,19.231065093309184
1524862620,649.99,8.829431438126534,-2.154343309994644
1524862680,649.85,-8.064228685485952,-29.47803808994509
1524862740,647.94,0.34557023547820975,3.085753078038156
1524862800,648.14,-1.1035571324902183,-10.038765077453604
1524862860,647.49,0.0,-21.823922734025558
1524862920,646.08,-0.5685618729101005,-40.09324009323967
1524862980,643.5,-45.03043093865955,15.36098310291889
1524863040,644.49,6.4620174485674475,-15.228978570651641
1524863100,643.51,5.730357576549938,21.553729260350707
1524863160,644.9,8.333342654747167,7.127804636172241
1524863220,645.36,18.005150076445542,-5.426272460893333
1524863280,645.01,0.0,0.15503395243587903
1524863340,645.02,16.109688683614287,3.564509879891986
1524863400,645.25,4.466478577054289,6.504870909287419
1524863460,645.67,8.338900022266671,43.639167309175164
1524863520,648.5,29.089525657184367,38.096408491812284
1524863580,650.98,4.325816026373719,0.1536121906631216
1524863640,650.99,2.8493692582998165,27.879474885493806
1524863700,652.81,-0.011083881709117449,18.806189223901093
1524863760,654.04,19.075381563049554,4.432014426972719
1524863820,654.33,0.7633325995026752,-0.0
1524863880,654.33,-0.011061946902923836,-23.283957047228743
1524863940,652.81,-22.555334685103734,1.378465308623511
1524864000,652.9,-0.6541310035923509,-0.9190613320253505
1524864060,652.84,0.03326307432827136,-0.15317923502289332
1524864120,652.83,0.06652592737133034,-13.651563027272662
1524864180,651.94,-0.011087580801261154,13.632951917037506
1524864240,652.83,0.0,0.15317688867089174
1524864300,652.84,0.0,-18.876321726186696
1524864360,651.61,-21.166215216834594,-9.216448288045243
1524864420,651.01,0.0,13.805586660734503
1524864480,651.91,-9.577777777778351,-13.824672432065643
1524864540,651.01,-1.8795779958125092,-46.45061728395072
1524864600,648.0,-11.880276183050542,2.4685262898049842
1524864660,648.16,0.03341125580647031,4.318055641232554
1524864720,648.44,-1.1582529980946887,15.24413716643691
1524864780,649.43,1.1026954778348141,-0.3079718513721019
1524864840,649.41,0.011137110076386847,-6.317411402156914
1524864900,649.0,-0.011137097672975216,-0.0
1524864960,649.0,4.09845650791496,-8.636111282460668
1524865020,648.44,8.16015728063002,-0.0
1524865080,648.44,0.0,0.15421389467196178
1524865140,648.45,11.112347052280036,10.167768174884628
1524865200,649.11,0.011111123456863936,13.385027231607172
1524865260,649.98,-0.011111111111183902,-14.637227863119051
1524865320,649.03,0.0,0.30814267005574436
1524865380,649.05,0.011111123456863936,-0.1540737088623345
1524865440,649.04,-21.12222222222293,-16.203953764717394
1524865500,647.99,-1.1134629923870154,-13.75367022098617
1524865560,647.1,-4.376396855676479,6.3319485413348975
1524865620,647.51,3.2753791752737627,6.9448731403176645
1524865680,647.96,1.113709767235349,-0.154332896056264
1524865740,647.95,2.227171492203972,0.462977252383423
1524865800,647.98,3.3400133600536286,0.15432336918808076
1524865860,647.99,16.694490818029983,25.70575377889961
1524865920,649.66,7.777777777777661,15.369009928379862
1524865980,650.66,3.330742755633942,-25.268866907028897
1524866040,649.02,0.0,14.923306512408807
1524866100,649.99,0.0,-0.0
1524866160,649.99,5.538290788014155,0.1538461538463931
1524866220,650.0,-5.524132583618613,-20.04008016031955
1524866280,648.7,-12.330729932598095,-41.9511137943318
1524866340,645.99,-19.90243251952961,14.067089194620408
1524866400,646.9,8.69614597054369,0.30915723737034995
1524866460,646.92,-4.561231755071393,16.66666666666705
1524866520,648.0,7.000790232283283,8.480456402744085
1524866580,648.55,0.011122245715533552,1.849939106171039
1524866640,648.67,-0.022244466689747,-1.5418536164157892
1524866700,648.57,-1.7017054870538395,1.2333307638934254
1524866760,648.65,11.435627318689967,0.7707723138594691
1524866820,648.7,16.944952793027657,-0.15415683916719658
1524866880,648.69,4.592356278108056,4.160502958580059
1524866940,648.96,5.976192799297397,-0.0
1524867000,648.96,1.8505159836923468,16.153597636958672
1524867060,650.01,4.232133637929181,0.15384142026397818
1524867120,650.02,10.664451827242516,6.764443624512895
1524867180,650.46,0.01106239967851863,-0.0
1524867240,650.46,0.39824594784798606,-0.1537397186557321
1524867300,650.45,0.0,-0.0
1524867360,650.45,-0.011061946902923836,-6.615181071352172
1524867420,650.02,-8.827443393188972,-0.3076923076927862
1524867480,650.0,0.0,-15.716971247188294
1524867540,648.98,0.0,0.6163138269998925
1524867600,649.02,0.0,0.15407608277007157
1524867660,649.03,-0.42072584064967167,-0.0
1524867720,649.03,-2.8455550105566108,-0.0
1524867780,649.03,2.868515659437687,14.923076923076817
1524867840,650.0,0.0,-3.847633705271747
1524867900,649.75,10.385699180106567,16.133988936692933
1524867960,650.8,20.871515745439773,11.970901500968356
1524868020,651.58,-4.503360964248637,15.78277991449717
1524868080,652.61,6.106570139425838,4.747901733749282
1524868140,652.92,0.0,-0.9190331770958515
1524868200,652.86,-0.011035883173970973,4.440021434585217
1524868260,653.15,0.0,-0.15310653152411646
1524868320,653.14,-0.011035895353117553,-0.0
1524868380,653.14,-9.623311368197607,0.15310418739922227
1524868440,653.15,0.0,-0.15310653152411646
1524868500,653.14,8.185484628189243,0.15310418739922227
1524868560,653.15,0.0,9.941878250229186
1524868620,653.8,6.600426930625236,-0.0
1524868680,653.8,0.0,-0.0
1524868740,653.8,0.0,2.905243199438079
1524868800,653.99,9.927200529451508,0.15290519877697584
1524868860,654.0,-0.4738292011019496,6.112469437652424
1524868920,654.4,-0.011019805897793944,-0.15281407111933376
1524868980,654.39,-5.014017208546662,19.826442373683804
1524869040,655.69,0.0,-6.104167620444301
1524869100,655.29,4.575518659846178,1.6783643576445684
1524869160,655.4,-6.116268613292064,1.5255530129676398
1524869220,655.5,-1.6209760922580863,-0.0
1524869280,655.5,-0.1433748679291469,-0.15255762864319067
1524869340,655.49,-0.011028994122419533,0.9152619937446982
1524869400,655.55,0.0,-0.15254599261771418
1524869460,655.54,0.0,0.15254366562467148
1524869520,655.55,0.011029006286022991,-0.0
1524869580,655.55,-1.0918704181417382,-0.0
1524869640,655.55,-0.011030198477923747,-0.0
1524869700,655.55,-6.618126386359613,-0.0
1524869760,655.55,-17.67106217322123,-8.244148944289709
1524869820,655.01,0.0,-12.381534698868712
1524869880,654.2,-14.949137549756797,-13.469662646177216
1524869940,653.32,-0.5315332075361834,-2.143360176369846
1524870000,653.18,0.0,-0.9186673199401696
1524870060,653.12,-0.011074197120430895,16.203491393804725
1524870120,654.18,4.407535335033685,-7.95520607043354
1524870180,653.66,-4.394524223568785,7.948882570546489
1524870240,654.18,0.011074197121541118,-13.163533949671624
1524870300,653.32,0.9080831582686244,10.09205174470118
1524870360,653.98,0.8637079869733277,2.4459595805170764
1524870420,654.14,17.02907897927375,0.6114525054257136
1524870480,654.18,3.3270734244217337,4.73651239896844
1524870540,654.49,5.469613259669881,0.15278838808252537
1524870600,654.5,0.0,-0.15279072254736903
1524870660,654.49,0.04417473315587728,-4.8916948193911125
1524870720,654.17,-5.499729983136081,-1.6818028927012563
1524870780,654.06,-8.154687121894044,6.722689075631116
1524870840,654.5,0.0,6.565587161986297
1524870900,654.93,0.0,-0.1526904049353739
1524870960,654.92,0.0,-3.360317702763016
1524871020,654.7,0.0,3.0539013589847563
1524871080,654.9,0.011058729596502559,-12.077479323049367
1524871140,654.11,-0.01105871736628572,7.180176601790933
1524871200,654.58,-7.320878992062019,2.443718117114413
1524871260,654.74,-1.992029667963191,-7.33653287683822
1524871320,654.26,-10.061754154484515,3.9723767035382274
1524871380,654.52,5.407130320704834,-0.7639769584533163
1524871440,654.47,10.12181616832697,0.30558144509473806
1524871500,654.49,4.115435760483344,-0.0
1524871560,654.49,-3.162716220311834,-0.0
1524871620,654.49,0.0,-0.15279305708437718
1524871680,654.48,-10.066371681416442,-18.828932261767406
1524871740,653.25,-0.01107309348991059,-22.553622387921912
1524871800,651.78,-29.775581365734105,13.942300326342805
1524871860,652.69,-16.337183474010033,-10.582822085889454
1524871920,652.0,7.998406993210416,-10.747735298635153
1524871980,651.3,-11.326652201748555,-0.0
1524872040,651.3,0.0,-3.9936102236426407
1524872100,651.04,0.0,-9.686197936686902
1524872160,650.41,-0.04451225144141979,-4.768497154283846
1524872220,650.1,-6.476561413270021,-0.0
1524872280,650.1,2.382959390585526,-0.0
1524872340,650.1,0.0,-0.7691716021862582
1524872400,650.05,4.152486426489688,-0.0
1524872460,650.05,0.0,-0.0
1524872520,650.05,-0.011128050475539553,-0.0
1524872580,650.05,0.17804900576345872,-0.1538366869735519
1524872640,650.04,5.49716517645793,-0.0
1524872700,650.04,0.0,3.075787401575214
1524872760,650.24,-0.011121750920217721,-3.0767337394621563
1524872820,650.04,0.011121763288102215,-14.018763575862625
1524872880,649.13,-0.011121750920217721,-11.721702114533272
1524872940,648.37,0.0,-19.316355544567454
1524873000,647.12,-17.50565541663196,-14.547030239253633
1524873060,646.18,-0.7130410756217564,-2.786377708976495
1524873120,646.0,-27.855153203342198,-6.195786864930941
1524873180,645.6,-22.335195530726047,-7.130235297765353
1524873240,645.14,0.0,-2.170542635657746
1524873300,645.0,-7.917124392917696,-0.0
1524873360,645.0,-8.607028625094992,-78.125
1524873420,640.0,-5.899996186314871,57.17126522495563
1524873480,643.68,14.085297418628961,-8.86318048234358
1524873540,643.11,0.0,-26.660430308700356
